#realityhigh, 99 min, 2017
Fabrizio Copano: Solo pienso en mi, 60 min, 2017
Fire Chasers, 1 Season, 2017
Joaquín Reyes: Una y no más, 78 min, 2017
Krish Trish and Baltiboy: Oversmartness Never Pays, 65 min, 2017
Marc Maron: Too Real, 70 min, 2017
The Heretics, 88 min, 2017
The Nineties, 1 Season, 2017
We Bare Bears, 1 Season, 2017
The Mayor, 130 min, 2017
The Royal House of Windsor, 1 Season, 2017
Gerald's Game, 103 min, 2017
Long Shot, 40 min, 2017
Our Souls at Night, 103 min, 2017
Out of Thin Air, 85 min, 2017
Paul Hollywood's Big Continental Road Trip, 1 Season, 2017
Def Comedy Jam 25, 82 min, 2017
Teach Us All, 81 min, 2017
China Salesman, 111 min, 2017
The Bar, 102 min, 2017
Gaga: Five Foot Two, 101 min, 2017
The Wedding Party 2: Destination Dubai, 98 min, 2017
Maynard, 100 min, 2017
The Endless, 112 min, 2017
Jerry Before Seinfeld, 62 min, 2017
Manhunt, 1 Season, 2017
Barbie Dolphin Magic, 64 min, 2017
Clive Davis: The Soundtrack of Our Lives, 124 min, 2017
Click for Murder, 1 Season, 2017
Cold Case Files, 1 Season, 2017
Al Hayba, 1 Season, 2017
Cabins in the Wild with Dick Strawbridge, 1 Season, 2017
Galih dan Ratna, 111 min, 2017
Inside The Freemasons, 1 Season, 2017
Jugaad, 52 min, 2017
​Maj Rati ​​Keteki, 117 min, 2017
​Mayurakshi, 100 min, 2017
Red Oleanders Raktokarobi, 112 min, 2017
Samantaral, 110 min, 2017
First They Killed My Father, 137 min, 2017
Larceny, 87 min, 2017
Strong Island, 108 min, 2017
Ghost of the Mountains, 78 min, 2017
Heroin(e), 40 min, 2017
Jeff Dunham: Relative Disaster, 71 min, 2017
68 Kill, 96 min, 2017
First Kill, 102 min, 2017
The Bridge, 119 min, 2017
Carbon, 104 min, 2017
Love and Shukla, 110 min, 2017
Sparring, 94 min, 2017
Stephanie, 86 min, 2017
Terrifier, 84 min, 2017
The Keeping Hours, 95 min, 2017
The Promise, 113 min, 2017
The Road to Calvary, 1 Season, 2017
A Boy Name Flora A, 1 Season, 2017
A House of Blocks, 1 Season, 2017
Alias JJ- la celebridad del mal, 54 min, 2017
All About Love, 1 Season, 2017
FINAL FANTASY XIV Dad of Light, 1 Season, 2017
LEGO Elves: Secrets of Elvendale, 1 Season, 2017
Little Evil, 95 min, 2017
Resurface, 28 min, 2017
The Lost Brother, 113 min, 2017
Who the F**k Is That Guy?, 78 min, 2017
Chris Brown: Welcome to My Life, 80 min, 2017
ID-0, 1 Season, 2017
Kung Fu Yoga, 107 min, 2017
The Death and Life of Marsha P. Johnson, 106 min, 2017
Judah Friedlander: America Is the Greatest Country in the United States, 84 min, 2017
Tomorrow with You, 1 Season, 2017
SPF-18, 75 min, 2017
The Black Prince, 121 min, 2017
Truth or Dare, 88 min, 2017
Cult of Chucky, 90 min, 2017
Rodney Carrington: Here Comes the Truth, 66 min, 2017
Security, 92 min, 2017
Kings, 87 min, 2017
Pup Star: Better 2Gether, 93 min, 2017
Beyond Stranger Things, 1 Season, 2017
Joan Didion: The Center Will Not Hold, 98 min, 2017
Meet the Trumps: From Immigrant to President, 48 min, 2017
Jack Whitehall: At Large, 68 min, 2017
The Mist, 1 Season, 2017
1922, 103 min, 2017
One of Us, 95 min, 2017
The Day I Met El Chapo, 1 Season, 2017
Wheelman, 82 min, 2017
Court Justice, 1 Season, 2017
Diva Brides, 1 Season, 2017
Kitten Rescuers, 1 Season, 2017
Death Race: Beyond Anarchy, 111 min, 2017
Ask the Doctor, 1 Season, 2017
Wedding Unplanned, 94 min, 2017
10 Days in Sun City, 87 min, 2017
Love- Surreal and Odd, 95 min, 2017
MONKART, 1 Season, 2017
Tatu, 101 min, 2017
Verses of Love 2, 127 min, 2017
Patton Oswalt: Annihilation, 66 min, 2017
Baadshaho, 135 min, 2017
Lucknow Central, 144 min, 2017
Devlok with Devdutt Pattanaik, 1 Season, 2017
Meghnadbodh Rohoshyo, 150 min, 2017
El Che, 119 min, 2017
Harry & Bunnie, 1 Season, 2017
OtherLife, 96 min, 2017
Seven and Me, 1 Season, 2017
Story of an Egg, 132 min, 2017
This Is Not What I Expected, 107 min, 2017
El Especial de Alex Fernández- el Especial, 52 min, 2017
Kingdom of Us, 110 min, 2017
The Babysitter, 85 min, 2017
The Meyerowitz Stories (New and Selected), 113 min, 2017
Bomb Scared, 89 min, 2017
Bygones Be Bygones, 104 min, 2017
Christina P: Mother Inferior, 59 min, 2017
Chicago Typewriter, 1 Season, 2017
House of the Witch, 86 min, 2017
Inmates, 1 Season, 2017
Limitless, 59 min, 2017
Sinister Circle, 87 min, 2017
The Liar and His Lover, 1 Season, 2017
Tunnel, 1 Season, 2017
Walking Out, 96 min, 2017
A Witches' Ball, 91 min, 2017
Chappaquiddick, 106 min, 2017
Dushman, 141 min, 2017
Jagga Jasoos, 155 min, 2017
Manje Bistre, 136 min, 2017
Mountain, 74 min, 2017
Sat Shri Akaal England, 127 min, 2017
Barbie: Video Game Hero, 72 min, 2017
Equestria Girls: Tales of Canterlot High, 1 Season, 2017
Food: Delicious Science, 1 Season, 2017
For Your Own Good, 93 min, 2017
Generation Iron 2, 107 min, 2017
Great Yellowstone Thaw, 1 Season, 2017
Tokyo Idols, 89 min, 2017
Verónica, 81 min, 2017
What She Put on the Table, 1 Season, 2017
Gabriel and the Mountain, 132 min, 2017
Lommbock, 106 min, 2017
The Desert Bride, 78 min, 2017
Transfers, 1 Season, 2017
Damnation, 1 Season, 2017
Let It Fall: Los Angeles 1982-1992, 144 min, 2017
The Lovers, 98 min, 2017
Mubarakan, 153 min, 2017
Williams, 105 min, 2017
Cloudy with a Chance of Meatballs, 1 Season, 2017
Alias Grace, 1 Season, 2017
The Accidental Spy, 104 min, 2017
Brotherhood of Blades II: The Infernal Battlefield, 120 min, 2017
Poster Boys, 128 min, 2017
Perú: Tesoro escondido, 76 min, 2017
Shot Caller, 121 min, 2017
Strong Girl Bong-soon, 1 Season, 2017
Bushwick, 94 min, 2017
Cuba and the Cameraman, 114 min, 2017
The Many Faces of Ito, 1 Season, 2017
Trailer Park Boys: Out of the Park: USA, 1 Season, 2017
Bright: The Music Videos, 1 Season, 2017
Deep, 93 min, 2017
Argon, 1 Season, 2017
Barbra: The Music ... The Mem'ries ... The Magic!, 109 min, 2017
Godless, 1 Season, 2017
Beat Bugs: All Together Now, 51 min, 2017
Brian Regan: Nunchucks and Flamethrowers, 61 min, 2017
Saving Capitalism, 73 min, 2017
The Case for Christ, 113 min, 2017
Paap-O-Meter, 1 Season, 2017
Escape from Mr. Lemoncello’s Library, 69 min, 2017
Hey Arnold! The Jungle Movie, 81 min, 2017
The Prison, 125 min, 2017
Eternal Love, 1 Season, 2017
A Christmas Prince, 92 min, 2017
Jim & Andy: The Great Beyond - Featuring a Very Special- Contractually Obligated Mention of Tony Clifton, 94 min, 2017
Krish Trish and Baltiboy: Face Your Fears, 65 min, 2017
Mudbound, 135 min, 2017
Shot in the Dark, 1 Season, 2017
Follow Me, 86 min, 2017
My Sassy Girl, 1 Season, 2017
Beyblade Burst Evolution, 1 Season, 2017
Christmas Wedding Planner, 86 min, 2017
Mala Kahich Problem Nahi, 132 min, 2017
Pimpal, 92 min, 2017
Shopkins: World Vacation, 71 min, 2017
The Giant, 115 min, 2017
Chuck Chicken, 1 Season, 2017
DeRay Davis: How to Act Black, 66 min, 2017
Hickok, 88 min, 2017
Long Time Running, 96 min, 2017
Bon Cop Bad Cop 2, 126 min, 2017
Age of Tanks, 1 Season, 2017
The Workshop, 114 min, 2017
Blazing Transfer Students, 1 Season, 2017
Mea Culpa, 54 min, 2017
Natalia Valdebenito: Gritona, 76 min, 2017
The Killer, 100 min, 2017
100% Hotter, 1 Season, 2017
Apache Warrior, 89 min, 2017
Christmas in the Heartland, 112 min, 2017
How to Be a Latin Lover, 116 min, 2017
Calico Critters: A Town of Dreams, 11 min, 2017
Calico Critters: The Treasure of Calico Village, 22 min, 2017
Edmilson Filho: Notas- Comedy about Relationships, 80 min, 2017
Filmworker, 94 min, 2017
Get Shorty, 1 Season, 2017
The Tigers of Scotland, 58 min, 2017
The Untold Tales of Armistead Maupin, 91 min, 2017
Coffee with D, 120 min, 2017
Hitler's Steel Beast, 54 min, 2017
My Life My Story, 1 Season, 2017
One Heart: The A.R. Rahman Concert Film, 87 min, 2017
Savage Dog, 95 min, 2017
Stranger, 1 Season, 2017
The Bittersweet, 98 min, 2017
Antar: Son of Shadad, 110 min, 2017
Norm Macdonald: Hitler's Dog- Gossip & Trickery, 61 min, 2017
Desolation, 76 min, 2017
Death House, 88 min, 2017
Handsome: A Netflix Mystery Movie, 81 min, 2017
Simplemente Manu NNa, 72 min, 2017
The Mars Generation, 98 min, 2017
Manhunt, 109 min, 2017
Thi Mai, 99 min, 2017
Bombshell: The Hedy Lamarr Story, 89 min, 2017
Sarah Silverman A Speck of Dust, 71 min, 2017
Rangoon, 153 min, 2017
I Am Jane Doe, 98 min, 2017
Joshua: Teenager vs. Superpower, 79 min, 2017
Raees, 143 min, 2017
War Machine, 123 min, 2017
Hyper HardBoiled Gourmet Report, 1 Season, 2017
Survivors Guide to Prison, 103 min, 2017
Hasan Minhaj: Homecoming King, 73 min, 2017
Hamza's Suitcase, 79 min, 2017
Revenge, 1 Season, 2017
Jailbreak, 92 min, 2017
Maria Bamford: Old Baby, 64 min, 2017
Small Town Crime, 92 min, 2017
BLAME!, 106 min, 2017
Highland: Thailand's Marijuana Awakening, 1 Season, 2017
Laerte-se, 101 min, 2017
The Keepers, 1 Season, 2017
'89, 87 min, 2017
Food on the Go, 66 min, 2017
Tracy Morgan: Staying Alive, 59 min, 2017
Dennis and Gnasher Unleashed, 1 Season, 2017
Heidi- bienvenida a casa, 1 Season, 2017
Aadu 2, 150 min, 2017
Chalay Thay Saath, 118 min, 2017
Command and Control, 92 min, 2017
Smash: Motorized Mayhem, 66 min, 2017
Spivak, 92 min, 2017
All Hail King Julien: Exiled, 1 Season, 2017
Get Me Roger Stone, 101 min, 2017
Mindhorn, 88 min, 2017
Sahara, 86 min, 2017
Familiye, 99 min, 2017
27: Gone Too Soon, 70 min, 2017
Ajji, 105 min, 2017
CIA: Comrade in America, 130 min, 2017
Coffee for All, 69 min, 2017
Despido Procedente, 90 min, 2017
God's Own Country, 105 min, 2017
Gurgaon, 106 min, 2017
Hombanna, 126 min, 2017
Le K Benzema, 121 min, 2017
Love Ni Bhavai, 163 min, 2017
Nibunan, 124 min, 2017
Queens of Comedy, 1 Season, 2017
Spiritual House, 1 Season, 2017
The Carter Effect, 60 min, 2017
The Clapper, 90 min, 2017
Toc Toc, 96 min, 2017
Withdrawn, 74 min, 2017
JFK: The Making of a President, 44 min, 2017
Kiss & Cry, 93 min, 2017
Losing Sight of Shore, 92 min, 2017
Meditation Park, 94 min, 2017
Bullet Head, 94 min, 2017
Amy Schumer: The Leather Special, 57 min, 2017
Borderliner, 1 Season, 2017
Gook, 95 min, 2017
A Korean Odyssey, 1 Season, 2017
F the Prom, 92 min, 2017
The Dawn Wall, 100 min, 2017
Expedition China, 78 min, 2017
Maggie & Bianca: Fashion Friends, 1 Season, 2017
Bure Kaam Bura Natija- Kyun Bhai Chacha Haan Bhatija, 1 Season, 2017
Revolt, 87 min, 2017
Bottom of the World, 84 min, 2017
Five Came Back, 1 Season, 2017
The Discovery, 102 min, 2017
#realityhigh, 99 min, 2017
Fabrizio Copano: Solo pienso en mi, 60 min, 2017
Fire Chasers, 1 Season, 2017
Joaquín Reyes: Una y no más, 78 min, 2017
Krish Trish and Baltiboy: Oversmartness Never Pays, 65 min, 2017
Marc Maron: Too Real, 70 min, 2017
The Heretics, 88 min, 2017
The Nineties, 1 Season, 2017
We Bare Bears, 1 Season, 2017
The Mayor, 130 min, 2017
The Royal House of Windsor, 1 Season, 2017
Gerald's Game, 103 min, 2017
Long Shot, 40 min, 2017
Our Souls at Night, 103 min, 2017
Out of Thin Air, 85 min, 2017
Paul Hollywood's Big Continental Road Trip, 1 Season, 2017
Def Comedy Jam 25, 82 min, 2017
Teach Us All, 81 min, 2017
China Salesman, 111 min, 2017
The Bar, 102 min, 2017
Gaga: Five Foot Two, 101 min, 2017
The Wedding Party 2: Destination Dubai, 98 min, 2017
Maynard, 100 min, 2017
The Endless, 112 min, 2017
Jerry Before Seinfeld, 62 min, 2017
Manhunt, 1 Season, 2017
Barbie Dolphin Magic, 64 min, 2017
Clive Davis: The Soundtrack of Our Lives, 124 min, 2017
Click for Murder, 1 Season, 2017
Cold Case Files, 1 Season, 2017
Al Hayba, 1 Season, 2017
Cabins in the Wild with Dick Strawbridge, 1 Season, 2017
Galih dan Ratna, 111 min, 2017
Inside The Freemasons, 1 Season, 2017
Jugaad, 52 min, 2017
​Maj Rati ​​Keteki, 117 min, 2017
​Mayurakshi, 100 min, 2017
Red Oleanders Raktokarobi, 112 min, 2017
Samantaral, 110 min, 2017
First They Killed My Father, 137 min, 2017
Larceny, 87 min, 2017
Strong Island, 108 min, 2017
Ghost of the Mountains, 78 min, 2017
Heroin(e), 40 min, 2017
Jeff Dunham: Relative Disaster, 71 min, 2017
68 Kill, 96 min, 2017
First Kill, 102 min, 2017
The Bridge, 119 min, 2017
Carbon, 104 min, 2017
Love and Shukla, 110 min, 2017
Sparring, 94 min, 2017
Stephanie, 86 min, 2017
Terrifier, 84 min, 2017
The Keeping Hours, 95 min, 2017
The Promise, 113 min, 2017
The Road to Calvary, 1 Season, 2017
A Boy Name Flora A, 1 Season, 2017
A House of Blocks, 1 Season, 2017
Alias JJ- la celebridad del mal, 54 min, 2017
All About Love, 1 Season, 2017
FINAL FANTASY XIV Dad of Light, 1 Season, 2017
LEGO Elves: Secrets of Elvendale, 1 Season, 2017
Little Evil, 95 min, 2017
Resurface, 28 min, 2017
The Lost Brother, 113 min, 2017
Who the F**k Is That Guy?, 78 min, 2017
Chris Brown: Welcome to My Life, 80 min, 2017
ID-0, 1 Season, 2017
Kung Fu Yoga, 107 min, 2017
The Death and Life of Marsha P. Johnson, 106 min, 2017
Judah Friedlander: America Is the Greatest Country in the United States, 84 min, 2017
Tomorrow with You, 1 Season, 2017
SPF-18, 75 min, 2017
The Black Prince, 121 min, 2017
Truth or Dare, 88 min, 2017
Cult of Chucky, 90 min, 2017
Rodney Carrington: Here Comes the Truth, 66 min, 2017
Security, 92 min, 2017
Kings, 87 min, 2017
Pup Star: Better 2Gether, 93 min, 2017
Beyond Stranger Things, 1 Season, 2017
Joan Didion: The Center Will Not Hold, 98 min, 2017
Meet the Trumps: From Immigrant to President, 48 min, 2017
Jack Whitehall: At Large, 68 min, 2017
The Mist, 1 Season, 2017
1922, 103 min, 2017
One of Us, 95 min, 2017
The Day I Met El Chapo, 1 Season, 2017
Wheelman, 82 min, 2017
Court Justice, 1 Season, 2017
Diva Brides, 1 Season, 2017
Kitten Rescuers, 1 Season, 2017
Death Race: Beyond Anarchy, 111 min, 2017
Ask the Doctor, 1 Season, 2017
Wedding Unplanned, 94 min, 2017
10 Days in Sun City, 87 min, 2017
Love- Surreal and Odd, 95 min, 2017
MONKART, 1 Season, 2017
Tatu, 101 min, 2017
Verses of Love 2, 127 min, 2017
Patton Oswalt: Annihilation, 66 min, 2017
Baadshaho, 135 min, 2017
Lucknow Central, 144 min, 2017
Devlok with Devdutt Pattanaik, 1 Season, 2017
Meghnadbodh Rohoshyo, 150 min, 2017
El Che, 119 min, 2017
Harry & Bunnie, 1 Season, 2017
OtherLife, 96 min, 2017
Seven and Me, 1 Season, 2017
Story of an Egg, 132 min, 2017
This Is Not What I Expected, 107 min, 2017
El Especial de Alex Fernández- el Especial, 52 min, 2017
Kingdom of Us, 110 min, 2017
The Babysitter, 85 min, 2017
The Meyerowitz Stories (New and Selected), 113 min, 2017
Bomb Scared, 89 min, 2017
Bygones Be Bygones, 104 min, 2017
Christina P: Mother Inferior, 59 min, 2017
Chicago Typewriter, 1 Season, 2017
House of the Witch, 86 min, 2017
Inmates, 1 Season, 2017
Limitless, 59 min, 2017
Sinister Circle, 87 min, 2017
The Liar and His Lover, 1 Season, 2017
Tunnel, 1 Season, 2017
Walking Out, 96 min, 2017
A Witches' Ball, 91 min, 2017
Chappaquiddick, 106 min, 2017
Dushman, 141 min, 2017
Jagga Jasoos, 155 min, 2017
Manje Bistre, 136 min, 2017
Mountain, 74 min, 2017
Sat Shri Akaal England, 127 min, 2017
Barbie: Video Game Hero, 72 min, 2017
Equestria Girls: Tales of Canterlot High, 1 Season, 2017
Food: Delicious Science, 1 Season, 2017
For Your Own Good, 93 min, 2017
Generation Iron 2, 107 min, 2017
Great Yellowstone Thaw, 1 Season, 2017
Tokyo Idols, 89 min, 2017
Verónica, 81 min, 2017
What She Put on the Table, 1 Season, 2017
Gabriel and the Mountain, 132 min, 2017
Lommbock, 106 min, 2017
The Desert Bride, 78 min, 2017
Transfers, 1 Season, 2017
Damnation, 1 Season, 2017
Let It Fall: Los Angeles 1982-1992, 144 min, 2017
The Lovers, 98 min, 2017
Mubarakan, 153 min, 2017
Williams, 105 min, 2017
Cloudy with a Chance of Meatballs, 1 Season, 2017
Alias Grace, 1 Season, 2017
The Accidental Spy, 104 min, 2017
Brotherhood of Blades II: The Infernal Battlefield, 120 min, 2017
Poster Boys, 128 min, 2017
Perú: Tesoro escondido, 76 min, 2017
Shot Caller, 121 min, 2017
Strong Girl Bong-soon, 1 Season, 2017
Bushwick, 94 min, 2017
Cuba and the Cameraman, 114 min, 2017
The Many Faces of Ito, 1 Season, 2017
Trailer Park Boys: Out of the Park: USA, 1 Season, 2017
Bright: The Music Videos, 1 Season, 2017
Deep, 93 min, 2017
Argon, 1 Season, 2017
Barbra: The Music ... The Mem'ries ... The Magic!, 109 min, 2017
Godless, 1 Season, 2017
Beat Bugs: All Together Now, 51 min, 2017
Brian Regan: Nunchucks and Flamethrowers, 61 min, 2017
Saving Capitalism, 73 min, 2017
The Case for Christ, 113 min, 2017
Paap-O-Meter, 1 Season, 2017
Escape from Mr. Lemoncello’s Library, 69 min, 2017
Hey Arnold! The Jungle Movie, 81 min, 2017
The Prison, 125 min, 2017
Eternal Love, 1 Season, 2017
A Christmas Prince, 92 min, 2017
Jim & Andy: The Great Beyond - Featuring a Very Special- Contractually Obligated Mention of Tony Clifton, 94 min, 2017
Krish Trish and Baltiboy: Face Your Fears, 65 min, 2017
Mudbound, 135 min, 2017
Shot in the Dark, 1 Season, 2017
Follow Me, 86 min, 2017
My Sassy Girl, 1 Season, 2017
Beyblade Burst Evolution, 1 Season, 2017
Christmas Wedding Planner, 86 min, 2017
Mala Kahich Problem Nahi, 132 min, 2017
Pimpal, 92 min, 2017
Shopkins: World Vacation, 71 min, 2017
The Giant, 115 min, 2017
Chuck Chicken, 1 Season, 2017
DeRay Davis: How to Act Black, 66 min, 2017
Hickok, 88 min, 2017
Long Time Running, 96 min, 2017
Bon Cop Bad Cop 2, 126 min, 2017
Age of Tanks, 1 Season, 2017
The Workshop, 114 min, 2017
Blazing Transfer Students, 1 Season, 2017
Mea Culpa, 54 min, 2017
Natalia Valdebenito: Gritona, 76 min, 2017
The Killer, 100 min, 2017
100% Hotter, 1 Season, 2017
Apache Warrior, 89 min, 2017
Christmas in the Heartland, 112 min, 2017
How to Be a Latin Lover, 116 min, 2017
Calico Critters: A Town of Dreams, 11 min, 2017
Calico Critters: The Treasure of Calico Village, 22 min, 2017
Edmilson Filho: Notas- Comedy about Relationships, 80 min, 2017
Filmworker, 94 min, 2017
Get Shorty, 1 Season, 2017
The Tigers of Scotland, 58 min, 2017
The Untold Tales of Armistead Maupin, 91 min, 2017
Coffee with D, 120 min, 2017
Hitler's Steel Beast, 54 min, 2017
My Life My Story, 1 Season, 2017
One Heart: The A.R. Rahman Concert Film, 87 min, 2017
Savage Dog, 95 min, 2017
Stranger, 1 Season, 2017
The Bittersweet, 98 min, 2017
Antar: Son of Shadad, 110 min, 2017
Norm Macdonald: Hitler's Dog- Gossip & Trickery, 61 min, 2017
Desolation, 76 min, 2017
Death House, 88 min, 2017
Handsome: A Netflix Mystery Movie, 81 min, 2017
Simplemente Manu NNa, 72 min, 2017
The Mars Generation, 98 min, 2017
Manhunt, 109 min, 2017
Thi Mai, 99 min, 2017
Bombshell: The Hedy Lamarr Story, 89 min, 2017
Sarah Silverman A Speck of Dust, 71 min, 2017
Rangoon, 153 min, 2017
I Am Jane Doe, 98 min, 2017
Joshua: Teenager vs. Superpower, 79 min, 2017
Raees, 143 min, 2017
War Machine, 123 min, 2017
Hyper HardBoiled Gourmet Report, 1 Season, 2017
Survivors Guide to Prison, 103 min, 2017
Hasan Minhaj: Homecoming King, 73 min, 2017
Hamza's Suitcase, 79 min, 2017
Revenge, 1 Season, 2017
Jailbreak, 92 min, 2017
Maria Bamford: Old Baby, 64 min, 2017
Small Town Crime, 92 min, 2017
BLAME!, 106 min, 2017
Highland: Thailand's Marijuana Awakening, 1 Season, 2017
Laerte-se, 101 min, 2017
The Keepers, 1 Season, 2017
'89, 87 min, 2017
Food on the Go, 66 min, 2017
Tracy Morgan: Staying Alive, 59 min, 2017
Dennis and Gnasher Unleashed, 1 Season, 2017
Heidi- bienvenida a casa, 1 Season, 2017
Aadu 2, 150 min, 2017
Chalay Thay Saath, 118 min, 2017
Command and Control, 92 min, 2017
Smash: Motorized Mayhem, 66 min, 2017
Spivak, 92 min, 2017
All Hail King Julien: Exiled, 1 Season, 2017
Get Me Roger Stone, 101 min, 2017
Mindhorn, 88 min, 2017
Sahara, 86 min, 2017
Familiye, 99 min, 2017
27: Gone Too Soon, 70 min, 2017
Ajji, 105 min, 2017
CIA: Comrade in America, 130 min, 2017
Coffee for All, 69 min, 2017
Despido Procedente, 90 min, 2017
God's Own Country, 105 min, 2017
Gurgaon, 106 min, 2017
Hombanna, 126 min, 2017
Le K Benzema, 121 min, 2017
Love Ni Bhavai, 163 min, 2017
Nibunan, 124 min, 2017
Queens of Comedy, 1 Season, 2017
Spiritual House, 1 Season, 2017
The Carter Effect, 60 min, 2017
The Clapper, 90 min, 2017
Toc Toc, 96 min, 2017
Withdrawn, 74 min, 2017
JFK: The Making of a President, 44 min, 2017
Kiss & Cry, 93 min, 2017
Losing Sight of Shore, 92 min, 2017
Meditation Park, 94 min, 2017
Bullet Head, 94 min, 2017
Amy Schumer: The Leather Special, 57 min, 2017
Borderliner, 1 Season, 2017
Gook, 95 min, 2017
A Korean Odyssey, 1 Season, 2017
F the Prom, 92 min, 2017
The Dawn Wall, 100 min, 2017
Expedition China, 78 min, 2017
Maggie & Bianca: Fashion Friends, 1 Season, 2017
Bure Kaam Bura Natija- Kyun Bhai Chacha Haan Bhatija, 1 Season, 2017
Revolt, 87 min, 2017
Bottom of the World, 84 min, 2017
Five Came Back, 1 Season, 2017
The Discovery, 102 min, 2017
